0.000000000000000000e+00,0.000000000000000000e+00,0.000000000000000000e+00,0.000000000000000000e+00,0.000000000000000000e+00,0.000000000000000000e+00
7.211573554339146597e+00,7.999670854422639366e+00,7.153958561670290095e+00,8.461852631640324418e+00,9.622069698036799679e+00,-6.519215150516133317e-01
1.157416889890271072e+01,1.241874194461995273e+01,1.146977224612832735e+01,1.285167065457776658e+01,1.411880598799992015e+01,3.736723384543316762e+00
8.150244970961871616e+00,9.532735133280702655e+00,8.120172675383081184e+00,9.062824295078053538e+00,1.072936333135031006e+01,3.741854603477565711e-01
-5.500077079219196641e+00,-7.495478496968668303e+00,1.153177962579516658e+00,-6.902101858680715907e+00,-1.102418350458264129e+01,-9.829782373397984330e+00
0.000000000000000000e+00,0.000000000000000000e+00,0.000000000000000000e+00,0.000000000000000000e+00,0.000000000000000000e+00,0.000000000000000000e+00
1.153180630018101338e+00,-6.144256665369690396e+00,-5.197125259390931618e+00,-6.146456632967749911e+00,-1.073816303080479706e+01,-1.110788706489367605e+01
-4.672410766424884621e+00,-5.661489944197025004e+00,4.249496328489361652e+00,-4.768088152206711783e+00,-8.265088542648051373e+00,-8.683097666921099744e+00
9.622067984607392432e+00,-3.147651544335777096e+00,-2.180140317792414351e+00,-3.173283139433508815e+00,-8.411929069237327639e+00,-6.899364030718034613e+00
5.302522194708673808e+00,-5.453342944068795717e+00,-4.647148072013575160e+00,-5.418817922045734647e+00,-9.952740771231106010e+00,-1.004300029085916535e+01
0.000000000000000000e+00,0.000000000000000000e+00,0.000000000000000000e+00,0.000000000000000000e+00,0.000000000000000000e+00,0.000000000000000000e+00
6.366184445489590615e+00,-3.891478520277911635e+00,-3.245123662573603074e+00,-5.018949531911859552e+00,-8.701582890908170498e+00,-9.521647767106749427e+00
-5.212176709674625208e+00,-3.346116560256944705e+00,3.207002517921442308e+00,-5.443814018733625915e+00,-1.024205113606452500e+01,-9.608330560832712308e+00
5.302522605056184446e+00,-1.804368942666716880e+00,-3.843256116837495462e+00,-4.943583331972911665e+00,-7.138620066725628099e+00,-8.037867082254470219e+00
3.207001990056841834e+00,-6.009580309389465747e+00,-4.909456273442470042e+00,-5.124237012507624200e+00,-6.974321558142673183e+00,-8.023040743858771862e+00
0.000000000000000000e+00,0.000000000000000000e+00,0.000000000000000000e+00,0.000000000000000000e+00,0.000000000000000000e+00,0.000000000000000000e+00
1.761194191042380908e+01,1.879922441536229982e+01,1.761185656459363358e+01,1.879984179115982812e+01,9.799946084300501070e+00,1.999999999999998579e+01
1.072936333135031006e+01,9.498125457015049733e+00,8.842260220474020826e+00,9.388882297069327976e+00,1.867316724275606132e-01,8.199936807882703960e+00
1.527152119999992763e+01,1.391804244706845317e+01,1.101338228427064081e+01,1.393672944332298158e+01,4.954825565630917694e+00,1.266012032738202109e+01
1.184784174883870378e+01,1.014682676256849447e+01,1.111496284932810674e+01,1.065213788836959630e+01,1.594617590095653847e+00,9.437075814869944068e+00
0.000000000000000000e+00,0.000000000000000000e+00,0.000000000000000000e+00,0.000000000000000000e+00,0.000000000000000000e+00,0.000000000000000000e+00
-3.305455934123838979e+00,-1.089344404853050285e+00,-2.041753119837925290e+00,8.525849000661370525e+00,-6.254891358917998190e+00,-8.195395808511586111e+00
4.101108920695293314e-01,-5.518151802921698046e-01,-5.754841130147598793e-01,1.297761792768489109e+01,-1.898268441270497764e+00,-5.636603395131653649e+00
6.824107766805413533e+00,7.792354473656367908e+00,7.487889620866438278e+00,9.622069698036799679e+00,-9.260371227713000142e-01,-1.486087291549073930e+00
2.174932531384766499e+00,-5.221484504917125236e+00,-5.826460800496270132e+00,-5.993868934154113148e+00,-1.140619166571701548e+01,-9.118022094607781014e+00
0.000000000000000000e+00,0.000000000000000000e+00,0.000000000000000000e+00,0.000000000000000000e+00,0.000000000000000000e+00,0.000000000000000000e+00
2.174931607456917160e+00,-7.466588307256757595e+00,-7.537186210167435618e+00,-6.665463068277286851e+00,-1.104638582848886053e+01,-8.642260500400583467e+00
5.302522759875996528e+00,-2.177103026927788232e+00,-3.720246652828007594e+00,-3.173707789412922420e+00,-6.172220716872844015e+00,-6.635479783027581568e+00
8.525848496192363513e+00,-2.261301381027120527e+00,-1.287413399251322366e+00,-2.066334222281040578e+00,-6.204857720513312636e+00,-3.920417371698206921e+00
4.249497265886631681e+00,-5.640810302646041663e+00,-4.081160647006754516e+00,-3.895164793897585742e+00,-9.765854356570780936e+00,-9.468106175141507208e+00
0.000000000000000000e+00,0.000000000000000000e+00,0.000000000000000000e+00,0.000000000000000000e+00,0.000000000000000000e+00,0.000000000000000000e+00
5.302521724854873497e+00,-3.326021758099539483e+00,-5.257357482343310906e+00,-4.942348616057292254e+00,-9.948471514108534919e+00,-1.082225479953940805e+01
4.249497532277272782e+00,-6.004525031235910859e+00,-3.574844365056529139e+00,-3.295285948961739653e+00,-1.091707018128040474e+01,-8.879339041789869214e+00
6.366184064687866240e+00,-5.920584424020002956e+00,-5.877380759602698568e+00,-3.266444589116830333e+00,-8.440440201047366031e+00,-7.986925674429216748e+00
4.249496656431807295e+00,-5.639021693946946634e+00,-5.697477358335437891e+00,-6.671585150807901599e+00,-8.387358418412361516e+00,-7.635580865148458685e+00
0.000000000000000000e+00,0.000000000000000000e+00,0.000000000000000000e+00,0.000000000000000000e+00,0.000000000000000000e+00,0.000000000000000000e+00
1.643284451570215410e+01,1.757624618665420968e+01,1.760691749376865189e+01,1.879999999999996874e+01,8.610914804674472123e+00,8.602127375151386701e+00
1.146991564423839272e+01,-2.708380160488187194e+00,-2.659054797680829196e+00,-2.687279342305297192e+00,-5.712172707105709790e+00,-7.491016903598547216e+00
-1.124121199411880490e+00,-1.066105223756716569e+00,-1.092947254070857799e+00,1.369843094887540857e+01,-3.549054158106038415e+00,-5.962405456292105832e+00
1.297436412914728088e+01,-1.033172963260711841e+00,-2.322211204536046569e+00,-2.361114078923707726e+00,-8.667975192763261560e+00,-8.151511927987201034e+00
0.000000000000000000e+00,0.000000000000000000e+00,0.000000000000000000e+00,0.000000000000000000e+00,0.000000000000000000e+00,0.000000000000000000e+00
3.207002118484705733e+00,-7.017331080862015291e+00,-6.225236350736100377e+00,-6.044279267930630972e+00,-7.716542851490857835e+00,-7.366369305377101995e+00
7.440590447748133052e+00,-4.348494107240816753e+00,-2.501082394748328497e+00,-3.276942662127414696e+00,-5.965016366236278955e+00,-6.486746949981792909e+00
4.249496791825814412e+00,-6.686676471014347811e+00,-4.287774748451358420e+00,-6.631173404049329534e+00,-1.001887281862233792e+01,-8.542660629816138496e+00
-5.148349853604270443e+00,-4.009836162216204869e+00,7.440590494572718150e+00,-2.962587442071691335e+00,-9.254896869356793232e+00,-9.585157423572153945e+00
0.000000000000000000e+00,0.000000000000000000e+00,0.000000000000000000e+00,0.000000000000000000e+00,0.000000000000000000e+00,0.000000000000000000e+00
-2.180158769127804597e+00,-3.383107959730048186e+00,7.440590448329045259e+00,-2.294482984700084049e+00,-7.717998777767088647e+00,-5.527396401438445572e+00
-9.022785765705700900e-01,-3.099437702126606187e+00,1.072936332240022494e+01,-7.804513819742497915e-01,-6.884200203057546652e+00,-6.081037183914028255e+00
7.440590351242591716e+00,-4.576584024652763816e+00,-4.706107889474115069e+00,-3.665833012391900070e+00,-5.997734090620809866e+00,-9.571188879203361921e+00
3.207002140295422965e+00,-6.977181623575233083e+00,-4.892155253441712759e+00,-6.032957252262525216e+00,-9.956361292052262613e+00,-9.296781353925771541e+00
0.000000000000000000e+00,0.000000000000000000e+00,0.000000000000000000e+00,0.000000000000000000e+00,0.000000000000000000e+00,0.000000000000000000e+00
4.249497253161769628e+00,-5.945673709681204677e+00,-6.690209167181248695e+00,-5.829714311486177358e+00,-9.030266995544495856e+00,-1.117015310595298239e+01
5.302522424080262198e+00,-5.993090188407629526e+00,-5.274680009669454606e+00,-4.077108386371059545e+00,-9.541810972964304582e+00,-9.859668231942105621e+00
-2.290188219466929631e+00,-4.644044881057575402e+00,7.440590001165283240e+00,-3.441461388661950060e+00,-8.493788524399050743e+00,-7.574104841083643791e+00
-5.552478846219475628e+00,-4.555501194548529753e+00,5.302522608464857790e+00,-5.554663603947866513e+00,-9.050166570414013734e+00,-9.734092971978194342e+00
0.000000000000000000e+00,0.000000000000000000e+00,0.000000000000000000e+00,0.000000000000000000e+00,0.000000000000000000e+00,0.000000000000000000e+00
5.696695612020572508e-01,-2.435795670330097806e+00,-2.409824773083127702e+00,-2.418996887454559985e+00,-5.524514343436260688e+00,-7.359597113955729242e+00
-3.335242420000000263e-01,1.382758961895879768e+00,1.761199997236878900e+01,4.033987718946965728e+00,6.021308452213444129e-01,2.964048668172762913e-01
-1.879671988528027526e+00,-2.049978784595324566e+00,-2.192256795735882946e+00,-2.045724752032313631e+00,-6.103519060428285847e+00,-7.468945446012892120e+00
-1.241190015518806034e+00,-1.278002140044817825e+00,-1.282309874728370769e+00,-1.286823439927486490e+00,-4.337489849505701933e+00,-4.773565408500100027e+00
0.000000000000000000e+00,0.000000000000000000e+00,0.000000000000000000e+00,0.000000000000000000e+00,0.000000000000000000e+00,0.000000000000000000e+00
2.174932531384947687e+00,-5.691274556443767452e+00,-7.080403290968355634e+00,-4.464770177219124392e+00,-9.693067745242039734e+00,-1.105437772358976289e+01
6.366184605935394814e+00,-1.174791893469611992e+00,-3.611690810513026761e+00,-1.881360914452921307e+00,-5.770077711109179219e+00,-6.291529365380951866e+00
3.207002556954470229e+00,-4.330997745517226605e+00,-4.620533079538909682e+00,-4.050635630254181052e+00,-1.028283921298105952e+01,-1.002127117937753020e+01
4.866628435769154493e+00,6.991492814252262988e+00,8.525849001056425180e+00,5.869098590781500313e+00,-1.933596932076613983e+00,-1.954373816425391208e+00
0.000000000000000000e+00,0.000000000000000000e+00,0.000000000000000000e+00,0.000000000000000000e+00,0.000000000000000000e+00,0.000000000000000000e+00
5.895223913950097261e-01,-1.247897357713400046e+00,8.525849001056425180e+00,-1.859335594188774587e-01,-4.884511856877888469e+00,-7.038138131668873143e+00
9.392645076639396962e+00,9.518965227760910253e+00,1.184784174883870378e+01,9.016810390239285766e+00,1.486039169513836855e+00,1.468526821142821071e+00
6.366181388186069157e+00,-3.127185842997158627e+00,-3.652424550173561713e+00,-3.694861038137762677e+00,-8.789021281580158274e+00,-7.577565035673210936e+00
2.174932397670494399e+00,-7.437329231953510700e+00,-8.385309102119821389e+00,-7.296158553680199610e+00,-1.148962516356300156e+01,-1.214593531934703918e+01
0.000000000000000000e+00,0.000000000000000000e+00,0.000000000000000000e+00,0.000000000000000000e+00,0.000000000000000000e+00,0.000000000000000000e+00
3.207002556954123840e+00,-6.927500670411499861e+00,-6.824324487346796531e+00,-4.887878073676670709e+00,-1.119414117297321454e+01,-9.814184076367784115e+00
6.366183791644586698e+00,-5.964378191525646855e+00,-5.990488333778604790e+00,-3.223508215543451350e+00,-9.734852496543767941e+00,-8.899539592702648605e+00
8.525849001056343468e+00,-3.239402606640009896e+00,-2.613703433033878198e+00,-7.394653840036540249e-01,-5.235247885355626352e+00,-8.643081077894974484e+00
6.366184605935394814e+00,-3.718610982818667532e-01,-4.311118371799580018e+00,-2.221099987445154245e+00,-9.482615558350298457e+00,-6.485299982084247183e+00
0.000000000000000000e+00,0.000000000000000000e+00,0.000000000000000000e+00,0.000000000000000000e+00,0.000000000000000000e+00,0.000000000000000000e+00
1.184432631870057762e+01,-2.843916101154102982e+00,-2.884473909914551992e+00,-2.807971468590427122e+00,-6.505221389808488297e+00,-7.629903026503459529e+00
1.643551276584362242e+01,1.761191732964171663e+01,1.879999999999996874e+01,1.643564604738433488e+01,8.611745974826458649e+00,8.611978722441531175e+00
1.127235198462078891e+01,-2.516808108027644320e+00,-1.441816158547199800e+00,-2.480716509784480550e+00,-5.206819256109445959e+00,-5.962047520236699150e+00
1.526499647625185574e+01,1.665817785844323495e-01,-1.339802684630697849e+00,-1.294411659626713895e+00,-4.963409159752641742e+00,-3.684191842372559922e+00
0.000000000000000000e+00,0.000000000000000000e+00,0.000000000000000000e+00,0.000000000000000000e+00,0.000000000000000000e+00,0.000000000000000000e+00
-3.623028659440887367e+00,-6.708690431364511042e+00,-6.652012249533131083e+00,1.153182524394483766e+00,-9.382786520486590121e+00,-8.959985349762735751e+00
-2.075519687434609128e+00,-3.303579567663864403e+00,-3.153439669068331064e+00,5.302522615870548961e+00,-7.995286883156471625e+00,-7.572584427357247350e+00
-4.246038837245693642e+00,-6.163389531716997993e+00,-4.444895774674037625e+00,2.174931283413087613e+00,-9.213303496435559126e+00,-8.721650921419357161e+00
7.195312767208832838e+00,8.318344853405328365e+00,7.928557576010081043e+00,7.323757250430066534e+00,9.622069698036799679e+00,-7.356123576395089403e-01
0.000000000000000000e+00,0.000000000000000000e+00,0.000000000000000000e+00,0.000000000000000000e+00,0.000000000000000000e+00,0.000000000000000000e+00
7.392565274558494437e+00,8.293392307863090451e+00,8.138688063452296007e+00,7.407041184995622807e+00,9.622069698036799679e+00,-5.868275395129012306e-01
1.056929102109374874e+01,1.156220639724707411e+01,1.153007007001365736e+01,1.032125727032139295e+01,1.297761792811991199e+01,2.598740104020689667e+00
5.302522405535368577e+00,-6.361002458020525552e+00,-4.085358916474421953e+00,-6.357230006991194671e+00,-8.104540759229035274e+00,-8.282909001375180935e+00
1.153183083773639206e+00,-8.222646107154144346e+00,-8.620286129248663443e+00,-8.577454314916687750e+00,-9.739119493542293782e+00,-8.991488443261072661e+00
0.000000000000000000e+00,0.000000000000000000e+00,0.000000000000000000e+00,0.000000000000000000e+00,0.000000000000000000e+00,0.000000000000000000e+00
-7.236426507469483127e+00,-7.275899003702468448e+00,-7.262128409144734675e+00,2.174928605956781613e+00,-1.083755841211961801e+01,-1.065981704112040696e+01
5.302512960665933583e+00,-6.141023399399716531e+00,-6.121762270699933950e+00,-3.017175948716438683e+00,-1.008751004633374393e+01,-9.581403953761041592e+00
7.440588897714969008e+00,-3.441736404960425766e+00,-2.464472129084035235e+00,-4.477271431721913331e+00,-6.779091313460496870e+00,-7.954693993174251077e+00
-4.925730400879676729e+00,-3.547527400335630965e+00,-5.340025404719536795e+00,5.302522210716021256e+00,-8.687175120937407513e+00,-9.411497835232786713e+00
0.000000000000000000e+00,0.000000000000000000e+00,0.000000000000000000e+00,0.000000000000000000e+00,0.000000000000000000e+00,0.000000000000000000e+00
1.072936333135031006e+01,9.176080393945568403e+00,9.219791810165581580e+00,9.991273525373310704e+00,4.576912855840111760e-01,7.833318720385316958e+00
1.761187192265689205e+01,1.879964611780970429e+01,1.879939057378017608e+01,1.761173043254740733e+01,9.799936223316308315e+00,1.999999999999998579e+01
1.072936333135031006e+01,8.603517633760223049e+00,9.359335564743510361e+00,8.383601388701782398e+00,1.559104985603952664e-02,8.153317675737611125e+00
1.411880598799992015e+01,1.235896482767211602e+01,1.283365871436977912e+01,1.334233649715581826e+01,3.758543181044799564e+00,1.147512179294927215e+01
0.000000000000000000e+00,0.000000000000000000e+00,0.000000000000000000e+00,0.000000000000000000e+00,0.000000000000000000e+00,0.000000000000000000e+00
5.765652823780076375e+00,8.525849001056425180e+00,5.588374202163402416e+00,6.748910664623015698e+00,-1.879123566514810051e+00,-1.687169748630546806e+00
1.028916708119410472e+01,1.297761792811991199e+01,1.060485063634969016e+01,1.154654029235670265e+01,2.375402113490941325e+00,2.533507422503226802e+00
3.680143316658778474e+00,9.622069698036799679e+00,2.460703060655125451e+00,1.788998943410300413e+00,-4.617261015288958603e+00,-5.944289419759428483e+00
2.174932160067188924e+00,-4.891160941560458220e+00,-6.394029135821069687e+00,-5.469659673653156418e+00,-9.916036813011819717e+00,-1.093614520906661980e+01
0.000000000000000000e+00,0.000000000000000000e+00,0.000000000000000000e+00,0.000000000000000000e+00,0.000000000000000000e+00,0.000000000000000000e+00
-6.336202687063946293e+00,-4.342385257659457487e+00,2.174932531384738077e+00,-4.993223868220184158e+00,-1.028209119793791793e+01,-8.243826237206256735e+00
5.302522553682484485e+00,-3.102490999007298189e+00,-1.022617863336812594e+00,-3.560689480985745892e+00,-9.007720185108025746e+00,-8.200491473433991985e+00
1.072936333135031006e+01,-1.812577205280500481e+00,9.931496895470997011e-01,1.435310015982189435e+00,-5.173382318851474260e+00,-2.836133976029732828e+00
6.366184605935394814e+00,-4.684161918085147036e+00,-6.237577696798707549e+00,-2.301842067246129275e+00,-7.435681672789156593e+00,-8.305111965728793066e+00
0.000000000000000000e+00,0.000000000000000000e+00,0.000000000000000000e+00,0.000000000000000000e+00,0.000000000000000000e+00,0.000000000000000000e+00
7.440590511045856559e+00,-3.704714995277718081e+00,-3.706502032844537275e+00,-3.490871606846537745e+00,-6.943605507517807141e+00,-8.011397402963240211e+00
4.249497007736846577e+00,-6.018610848305945282e+00,-4.765879601340127003e+00,-5.860396476114297926e+00,-8.157194397769607974e+00,-9.853090999511318060e+00
-4.597615367072435788e+00,-3.108906022445917294e+00,6.366184605935394814e+00,-4.701751976994449578e+00,-9.504490678886812205e+00,-5.807615475235450297e+00
4.249497532277271894e+00,-4.977488052896297255e+00,-5.471051100740249140e+00,-2.568683753617331256e+00,-7.274093079903598991e+00,-8.507880284836129903e+00
0.000000000000000000e+00,0.000000000000000000e+00,0.000000000000000000e+00,0.000000000000000000e+00,0.000000000000000000e+00,0.000000000000000000e+00
1.605229841126350010e+01,1.879999999999996874e+01,1.625419218184988779e+01,1.710257893759373005e+01,8.492154496727538415e+00,8.392824257572163660e+00
1.184784174883870378e+01,9.244629082837986900e+00,1.146334117990850388e+01,1.042464861971131818e+01,1.526339753813552136e+00,1.434720026393297321e+00
1.643587999999993343e+01,1.348183882487555074e+01,1.377493759972374221e+01,1.432938741526043813e+01,6.030392174907347247e+00,6.213988988641186317e+00
1.275385852110183649e+01,1.055680190285372788e+01,1.297761792811991199e+01,1.164061902929620373e+01,2.466819272094424420e+00,2.270533667940275002e+00
0.000000000000000000e+00,0.000000000000000000e+00,0.000000000000000000e+00,0.000000000000000000e+00,0.000000000000000000e+00,0.000000000000000000e+00
5.046545449723054411e+00,6.989198105872636013e+00,5.645052829081969037e+00,7.440590511045856559e+00,-3.079276636355785968e+00,-3.016822300985547045e+00
8.423737369990885071e+00,1.012715024439699008e+01,9.878149985578112080e+00,1.184784174883870378e+01,1.170560805510523217e+00,1.264511358508868089e+00
5.473501521390294222e+00,8.525849001056425180e+00,6.574218985602144016e+00,7.840840001582867203e+00,-1.795781097256424319e+00,-1.987539971057810773e+00
3.207002556954498651e+00,-4.868498384101183518e+00,-1.829761124099498648e+00,-5.539880550741917098e+00,-1.064855466836895026e+01,-8.649773767137208580e+00
0.000000000000000000e+00,0.000000000000000000e+00,0.000000000000000000e+00,0.000000000000000000e+00,0.000000000000000000e+00,0.000000000000000000e+00
3.207002556954498651e+00,-5.007162512001360533e+00,-7.405495796611767378e-01,-3.721919549291652807e+00,-9.809648251718954270e+00,-8.840836644956851842e+00
6.366184605935394814e+00,-2.678464184582508345e+00,-1.680184178457933886e+00,-2.733674830400323330e+00,-6.770701638887482332e+00,-6.704690359939916355e+00
9.622069698036799679e+00,-2.168821099994167056e+00,1.669780136135796678e+00,-6.093030515928150592e-01,-7.666399918913862521e+00,-6.059485488856919844e+00
5.302522759876037384e+00,-3.561807638702576995e+00,-6.420354096236703612e+00,-3.263565701675940289e+00,-9.607404204234338607e+00,-9.468982300690163001e+00
0.000000000000000000e+00,0.000000000000000000e+00,0.000000000000000000e+00,0.000000000000000000e+00,0.000000000000000000e+00,0.000000000000000000e+00
6.366184605935394814e+00,-4.015196762212956294e+00,-3.815773542891340853e+00,-2.595759011662771343e+00,-9.618264258855758086e+00,-8.003034772341672820e+00
5.302522759876037384e+00,-3.358846448222976733e+00,-2.971258430400943507e+00,-4.520439907788302847e+00,-5.890273246685175046e+00,-8.428880355765654642e+00
7.440590511045856559e+00,-6.649006401141204226e-01,-4.400412304413125142e+00,-4.452373752715103050e-01,-6.717440246289905659e+00,-6.924381375558756879e+00
5.302522759876015179e+00,-5.428065982028739356e+00,-2.063848669182200890e+00,-4.584694504128647985e+00,-1.095977319172092734e+01,-7.469394328136092831e+00
0.000000000000000000e+00,0.000000000000000000e+00,0.000000000000000000e+00,0.000000000000000000e+00,0.000000000000000000e+00,0.000000000000000000e+00
1.526097067986570899e+01,1.761199999999995214e+01,1.639795823745431136e+01,1.760220103571721850e+01,7.432402712494818431e+00,7.423366166223277496e+00
1.297761423175659523e+01,-4.252801140818698311e-01,-8.775464839348499080e-01,-2.264794641699787725e+00,-5.517345056958822269e+00,-6.059665335655319396e+00
1.527145859014155604e+01,-9.740325352109051593e-01,1.867380051537073760e+00,6.450046359932311013e-01,-3.315735436929438507e+00,-2.681750325553541536e+00
1.411880598799992015e+01,1.158304375347835347e+01,1.267051981168378028e+01,1.167408675112745620e+01,3.491395934279438507e+00,3.770112172429161745e+00
0.000000000000000000e+00,0.000000000000000000e+00,0.000000000000000000e+00,0.000000000000000000e+00,0.000000000000000000e+00,0.000000000000000000e+00
4.249497532277272782e+00,-5.006056151482857430e+00,-5.254345607222977499e+00,-3.959009058097419764e+00,-9.236056362502331751e+00,-8.642363601452789368e+00
8.525849001056425180e+00,-3.095252735008113820e+00,-5.234668609053063637e-01,-4.073776929556318649e+00,-7.326274593967515791e+00,-8.898341941023225843e+00
5.302522759876037384e+00,-3.819370911575604488e+00,-4.618375820265315568e+00,-4.405268256556045259e+00,-1.109011100642487335e+01,-1.027441937449867204e+01
-3.668518647385868192e+00,-3.799305765827000414e+00,6.366184598026832120e+00,-4.435591861868828367e+00,-9.186614944756710699e+00,-9.888301116747161501e+00
0.000000000000000000e+00,0.000000000000000000e+00,0.000000000000000000e+00,0.000000000000000000e+00,0.000000000000000000e+00,0.000000000000000000e+00
2.248401116100944286e+00,5.057965974095560036e+00,6.366184605935394814e+00,3.858665330879227806e+00,-4.443294622895652246e+00,-4.933767612289738480e+00
-1.413718420014419941e+00,-9.707411744651290864e-01,9.622069696017051754e+00,-2.868451120250853359e-01,-6.229980235751671813e+00,-7.215592249866986663e+00
8.525849001056425180e+00,6.164701078591213745e-01,7.174064921781420079e-02,1.411118993310825243e+00,-5.811928918836287927e+00,-4.913375255271094311e+00
4.249497532277272782e+00,-6.650467871449092350e+00,-5.776735932615586933e+00,-3.240229808327998562e+00,-8.031940211348555181e+00,-7.926451205008699041e+00
0.000000000000000000e+00,0.000000000000000000e+00,0.000000000000000000e+00,0.000000000000000000e+00,0.000000000000000000e+00,0.000000000000000000e+00
5.302522759876037384e+00,-6.369431342152521935e+00,-4.562151189618528946e+00,-4.205977006888892866e+00,-9.694915158679117795e+00,-9.117817128180895736e+00
6.366184605935394814e+00,-3.729625242329782875e+00,-8.276564302047556554e-01,-2.831757017302390711e+00,-8.578443816322950610e+00,-8.029519584421070277e+00
8.525848922867790947e+00,-3.355886534121671261e+00,-1.927903064571748537e+00,-1.280050776256307365e+00,-7.605148123025659679e+00,-7.674030490892693734e+00
-3.148722201053441250e+00,-2.267491695903783633e+00,6.366184568899686091e+00,-4.374340318908924274e+00,-7.352671351345954953e+00,-7.094579874618485604e+00
0.000000000000000000e+00,0.000000000000000000e+00,0.000000000000000000e+00,0.000000000000000000e+00,0.000000000000000000e+00,0.000000000000000000e+00
1.411874905895616727e+01,-2.192642574524612531e+00,3.533283879051600795e-01,-2.126345539181729194e+00,-6.481574288757192548e+00,-5.543208850819894451e+00
1.411123824966210982e+01,1.642699399277409711e+01,1.643587999999993343e+01,1.526721899629251844e+01,6.268702777436011786e+00,6.263743211137336786e+00
1.411340427957085808e+01,-1.829603606263242144e+00,-1.800548470370012755e+00,-1.800424290834940821e+00,-2.840685256234906753e+00,-4.368983014806997467e+00
1.527128922274771305e+01,-1.221338142234392077e+00,4.494754710728248170e-01,1.640505428385395925e+00,-3.970558332170325500e+00,-3.594386849493759417e+00
0.000000000000000000e+00,0.000000000000000000e+00,0.000000000000000000e+00,0.000000000000000000e+00,0.000000000000000000e+00,0.000000000000000000e+00
3.207002556954498651e+00,-3.741263460879706848e+00,-5.612243624033248501e+00,-3.086819006582288694e+00,-8.223253510221219642e+00,-7.644217864834510046e+00
7.440590511045856559e+00,2.218942543632423270e+00,-3.912248225949754854e-01,-1.140436658190199903e+00,-4.595503543423671289e+00,-5.865318755061768918e+00
4.249497532277272782e+00,-4.294553998784373050e+00,-1.667675760450197719e+00,-4.341510544835776031e-01,-7.623176641200147152e+00,-1.023463658360178385e+01
3.310439165404518214e+00,7.440590511045856559e+00,6.705309031068867220e+00,4.180092222134366153e+00,-3.157167039837350142e+00,-3.083636939676990707e+00
0.000000000000000000e+00,0.000000000000000000e+00,0.000000000000000000e+00,0.000000000000000000e+00,0.000000000000000000e+00,0.000000000000000000e+00
3.132449139390159676e+00,5.965645774082241282e+00,7.440590511045856559e+00,4.285454893213009875e+00,-3.231328146260877610e+00,-3.096596343951861563e+00
8.010603295427840109e+00,1.072936333135031006e+01,9.368986789055272268e+00,7.519396674551637183e+00,2.972004906547623393e-01,-2.860359147757560727e-01
-4.393905207080634590e+00,-2.694070723774599330e+00,-1.255874816724720677e+00,7.440590511045855671e+00,-6.083325464618823730e+00,-7.950966326101348791e+00
3.207002556954498651e+00,-5.635412314509432363e+00,-3.220923132418314516e+00,-5.846629666491995891e+00,-8.286362042233786696e+00,-9.076580884387498216e+00
0.000000000000000000e+00,0.000000000000000000e+00,0.000000000000000000e+00,0.000000000000000000e+00,0.000000000000000000e+00,0.000000000000000000e+00
4.249497532277272782e+00,-5.801639333373945107e+00,-4.602444935709618434e+00,-3.535204383447072107e+00,-8.236457370432484382e+00,-8.873424550338073757e+00
7.440590511045856559e+00,-4.361593268027174730e+00,-2.063055864415463514e+00,-2.770289956117747643e+00,-5.882918004014118019e+00,-5.193850448558407606e+00
9.622069698036799679e+00,1.755238429830249469e+00,1.758914905003193363e+00,1.881273287144455741e+00,-3.120404013905486273e+00,-4.025043107777461771e+00
7.440590511045856559e+00,8.274283702231117754e-01,-9.408804806981700963e-01,1.264512006600492677e+00,-6.185665014336447776e+00,-5.232147237632039705e+00
0.000000000000000000e+00,0.000000000000000000e+00,0.000000000000000000e+00,0.000000000000000000e+00,0.000000000000000000e+00,0.000000000000000000e+00
1.297761792811991199e+01,1.045108976565433956e+01,1.003844149516271322e+01,1.255815771576543760e+01,2.608049442604136736e+00,2.582994398284335080e+00
1.527124759817588995e+01,1.761199999999995214e+01,1.761120599854527313e+01,1.527138863392253221e+01,7.435813467586411818e+00,7.435841528059568439e+00
1.297761057373853788e+01,-2.096362982921870177e+00,-2.157164496254069697e+00,-7.110749724146523398e-01,-3.514210710019269879e+00,-3.686003054881823005e+00
1.643587999999993343e+01,1.357283648116396257e+01,1.340557780822946299e+01,1.358051315913508539e+01,5.945248618074811198e+00,6.070886978575400050e+00
0.000000000000000000e+00,0.000000000000000000e+00,0.000000000000000000e+00,0.000000000000000000e+00,0.000000000000000000e+00,0.000000000000000000e+00
2.174930974065468980e+00,-6.537910387423107927e+00,-5.763862628107970565e+00,-4.669245820017807524e+00,-8.825478001076030310e+00,-9.448355017662159128e+00
-1.682063372862090844e+00,-2.980758246568049330e+00,-2.071346869954732828e+00,6.366184485207305066e+00,-8.162728630717420941e+00,-7.579513249175326983e+00
3.207002434672503899e+00,-6.121574955513665373e+00,-5.156314620894635325e+00,-5.726570993844812385e+00,-9.611490869066386722e+00,-9.988482288741886705e+00
-9.699653748107157636e-01,8.525849001056425180e+00,-4.141219889590721515e-01,4.516837295386953999e-01,-6.299414990991029306e+00,-5.530413930756633789e+00
0.000000000000000000e+00,0.000000000000000000e+00,0.000000000000000000e+00,0.000000000000000000e+00,0.000000000000000000e+00,0.000000000000000000e+00
5.649124465449736121e+00,8.525849001056425180e+00,6.800385710466868794e+00,5.903812868491177923e+00,-1.771362913821976193e+00,-1.838005684574361753e+00
1.262566551191343756e+00,1.184784174883870378e+01,4.239152529079659004e+00,2.338687291379581978e+00,-3.327831787502176564e+00,-1.252541363967434762e+00
6.366184605935394814e+00,-6.091094605535579909e+00,-2.977171518759015534e+00,-6.040451489378584782e+00,-8.044949420089791303e+00,-7.348653020764466248e+00
-6.346154116497117137e+00,-4.077992483647402189e+00,-5.842691837794755649e+00,2.174932531384951240e+00,-1.006336916314084817e+01,-9.994204553145644709e+00
0.000000000000000000e+00,0.000000000000000000e+00,0.000000000000000000e+00,0.000000000000000000e+00,0.000000000000000000e+00,0.000000000000000000e+00
-4.944757337365659922e+00,-7.450352615575580373e+00,-4.491452177509794197e+00,3.207002146545083310e+00,-9.300334168854581307e+00,-1.080351829189237201e+01
-3.834097274438013514e+00,-4.785704872103054619e+00,-2.749559224451027628e+00,6.366184605935308660e+00,-7.069347677931081542e+00,-7.474410435166551459e+00
-1.840291529220447364e+00,-2.247540378691252005e+00,-1.086800163230190908e+00,8.525849001056425180e+00,-7.834925782095405467e+00,-6.567172227781456151e+00
6.366183052695369327e+00,-2.601128551401627131e+00,-5.196818637389214679e+00,-3.984811567058646808e+00,-9.194373136408414027e+00,-8.583912063753704302e+00
0.000000000000000000e+00,0.000000000000000000e+00,0.000000000000000000e+00,0.000000000000000000e+00,0.000000000000000000e+00,0.000000000000000000e+00
1.070742040406280182e+01,9.094916987172645406e+00,1.059797711001668397e+01,1.184784174883870378e+01,1.583523020034952822e+00,1.249656665672195022e+00
2.631550609131100060e+00,1.879999999999994387e+01,3.377756324697869239e+00,3.046159946803824514e+00,7.456946002539445173e-01,-1.074597660889227591e+00
1.184784174883870378e+01,9.535978794611496667e+00,1.040423740727863944e+01,1.131741033691236176e+01,1.516096342969357025e+00,1.392296514133739338e+00
1.478840787596996265e+01,1.275374298185042576e+01,1.393376845324041469e+01,1.527152119999992763e+01,4.786118037125927316e+00,4.893048626279083990e+00
0.000000000000000000e+00,0.000000000000000000e+00,0.000000000000000000e+00,0.000000000000000000e+00,0.000000000000000000e+00,0.000000000000000000e+00
-4.661102667546020983e-01,7.440590511045856559e+00,8.504597399522684231e-01,3.408742753940895431e-01,-6.394011676018978463e+00,-5.247663390524602178e+00
7.439557706402250004e-01,1.184784174883870378e+01,7.787670640576551673e-01,2.852863793563190420e+00,-3.009286373113748247e+00,-4.160552470446298834e+00
1.134218889865635127e+00,8.525849001056425180e+00,-9.253491618467132307e-01,6.462560764359353005e-01,-4.752460597291517708e+00,-4.594802242478042587e+00
-3.305497860069962268e+00,-3.403579303030868974e+00,3.207002556954498651e+00,-1.985808000218438396e+00,-8.810238035759713426e+00,-9.391690821931241828e+00
0.000000000000000000e+00,0.000000000000000000e+00,0.000000000000000000e+00,0.000000000000000000e+00,0.000000000000000000e+00,0.000000000000000000e+00
-3.738074603016727337e+00,-4.301781890352883053e+00,3.207002556954498651e+00,-2.798300786373703719e+00,-8.716061435783693412e+00,-9.563311423085762542e+00
-1.695895111028473234e+00,-2.645194430391470952e+00,6.366184605935394814e+00,1.628723352618989040e+00,-5.406574698360750553e+00,-5.704679574873181558e+00
1.184784174883870378e+01,9.453353227125131042e+00,9.490927632099356970e+00,1.017509910307361665e+01,1.209607610251760779e+00,1.512738260021181169e+00
7.440590511045856559e+00,4.898448147175116674e+00,4.930139479190025042e+00,6.251533597686994348e+00,-2.679104271931767478e+00,-2.863691999398068511e+00
0.000000000000000000e+00,0.000000000000000000e+00,0.000000000000000000e+00,0.000000000000000000e+00,0.000000000000000000e+00,0.000000000000000000e+00
8.525849001056425180e+00,5.799507525065744851e+00,5.864968604234421790e+00,6.767954716629525080e+00,-1.646169599314446064e+00,-1.790979935832203163e+00
-4.821025441176846726e+00,-2.730176956724804427e+00,5.302522759876037384e+00,-1.533994997758033829e+00,-9.278467985106710003e+00,-8.402672690311467463e+00
-3.359031353960416411e+00,-1.166661501322905359e+00,7.440590511045856559e+00,-6.724443971514351137e-01,-7.024230727338482971e+00,-5.844854326001295952e+00
-1.012551408072472015e+00,-3.263391897219195315e+00,5.302522759876037384e+00,-3.692943996153971398e+00,-6.607472900336623489e+00,-8.705719357517400780e+00
0.000000000000000000e+00,0.000000000000000000e+00,0.000000000000000000e+00,0.000000000000000000e+00,0.000000000000000000e+00,0.000000000000000000e+00
1.457987904459487360e+01,1.761199999999995214e+01,1.495948957332139528e+01,1.562141456118543026e+01,7.168053777543534899e+00,7.365788535236913681e+00
1.072785407896979670e+01,1.071231937833164594e+01,1.297761792811991199e+01,1.183892642071451640e+01,2.847622586844135384e+00,2.844579750130895146e+00
1.761199999999995214e+01,1.527141506984300179e+01,1.527138066188803300e+01,1.643545637867025633e+01,7.435768187865180678e+00,7.435173279033915783e+00
1.142100682377750331e+01,1.150130790898023569e+01,1.411880598799992015e+01,1.267402982234355768e+01,3.816335953087289123e+00,3.765535098041892681e+00
0.000000000000000000e+00,0.000000000000000000e+00,0.000000000000000000e+00,0.000000000000000000e+00,0.000000000000000000e+00,0.000000000000000000e+00
3.629533650753249407e+00,6.366184605935394814e+00,3.383993786812411919e+00,4.925639020557555980e+00,-4.010503989724510276e+00,-4.207248113629233899e+00
7.683338030003502794e+00,1.072936333135031006e+01,8.292370631365459488e+00,9.377832841840351819e+00,-1.545660370397997918e-01,2.074326015723018390e-01
4.340802555501680260e+00,7.440590511045856559e+00,4.924548620103175622e+00,6.118899883490742653e+00,-3.339638870320085662e+00,-2.799707621987005179e+00
-7.763850539958558894e-01,-1.278262077562803967e+00,4.249497532277272782e+00,9.529603889656030891e-01,-7.263172535287150566e+00,-7.265337019919781980e+00
0.000000000000000000e+00,0.000000000000000000e+00,0.000000000000000000e+00,0.000000000000000000e+00,0.000000000000000000e+00,0.000000000000000000e+00
1.440881146881937414e-01,-3.337920160057100127e-01,4.249497532277272782e+00,-9.527138884400726537e-02,-6.437168148689346836e+00,-6.562585642396656205e+00
3.645676778135647389e+00,2.206335189100068650e+00,7.440590511045856559e+00,2.725021668013264176e+00,-4.257581691549567893e+00,-4.618463191783462207e+00
7.951311864129509743e+00,7.522884791414915284e+00,8.198357806540949255e+00,1.072936333135031006e+01,-1.208111088447007875e+00,3.832058406732127831e-01
3.684823390737703264e+00,3.353448607449373675e+00,3.468993427323727730e+00,6.366184605935394814e+00,-3.881063779466932040e+00,-4.326164792825843541e+00
0.000000000000000000e+00,0.000000000000000000e+00,0.000000000000000000e+00,0.000000000000000000e+00,0.000000000000000000e+00,0.000000000000000000e+00
4.863240265366709281e+00,4.531540038988590702e+00,4.021009363693629268e+00,7.440590511045856559e+00,-2.981705236512595114e+00,-2.822235283656981952e+00
1.828666685858070906e+00,5.119437782131466275e-01,6.366184605935394814e+00,9.335638902640926995e-01,-4.443780196190401988e+00,-4.658193543103470446e+00
4.058324476345346099e+00,3.029651528984189213e+00,8.525849001056425180e+00,1.924254092816486406e+00,-6.918635392120588534e+00,-3.902510738508247368e+00
1.852655287088273095e+00,1.852124232296892270e+00,6.366184605935394814e+00,2.168829652724512114e-01,-4.882621306335480860e+00,-5.937673009559557791e+00
0.000000000000000000e+00,0.000000000000000000e+00,0.000000000000000000e+00,0.000000000000000000e+00,0.000000000000000000e+00,0.000000000000000000e+00
1.410222794046847739e+01,1.643587999999993343e+01,1.411576096687554305e+01,1.643066713935904133e+01,6.260141797325319502e+00,6.270226040728921646e+00
1.177204853365709702e+01,1.183293105847638316e+01,1.411880598799992015e+01,1.184091690235544370e+01,3.972811034833836352e+00,3.974240744099716061e+00
1.410513701224830463e+01,1.410753529483779722e+01,1.411869339238739940e+01,1.643587999999993343e+01,6.267176998232811158e+00,6.264660861049509144e+00
1.291356162647518246e+01,1.295866163798824111e+01,1.527152119999992763e+01,1.297368179913934760e+01,5.111905226487289511e+00,5.117753604413802115e+00
0.000000000000000000e+00,0.000000000000000000e+00,0.000000000000000000e+00,0.000000000000000000e+00,0.000000000000000000e+00,0.000000000000000000e+00
2.627349949003056295e+00,2.142732997539265938e+00,2.152289223180809508e+00,5.302522759876037384e+00,-5.268248512651790172e+00,-4.899176416542808887e+00
6.328073611041834745e+00,5.570819318189164981e+00,6.637512714387190371e+00,9.622069698036799679e+00,-9.190281746477123592e-01,-1.230942373486016317e+00
2.707692565488101888e+00,1.619531675844239960e+00,2.886018391747712464e+00,6.366184605935394814e+00,-4.855133200447594888e+00,-4.847011113646279235e+00
1.932374448231005681e+00,4.571246229563957542e+00,5.302522759876037384e+00,1.267988667318154405e+00,-5.918847006614094575e+00,-5.859637669991399456e+00
0.000000000000000000e+00,0.000000000000000000e+00,0.000000000000000000e+00,0.000000000000000000e+00,0.000000000000000000e+00,0.000000000000000000e+00
1.730443515889267703e+00,5.302522759876037384e+00,3.050244928735396766e+00,1.429985303567256283e+00,-5.557384041312281475e+00,-5.420456436638301234e+00
4.203489498970032656e+00,6.892598810627447392e+00,8.525849001056425180e+00,4.794706982394680850e+00,-3.577854265102765385e+00,-2.842654444654371559e+00
6.071892747443123461e+00,5.298597237800990456e+00,6.326479585674596784e+00,9.622069698036799679e+00,-1.467085407473378122e+00,-1.018855794311950058e+00
2.003891895876224627e+00,1.633301755470322636e+00,2.128273991297251477e+00,5.302522759876037384e+00,-5.543935265372623711e+00,-5.746040127777824580e+00
0.000000000000000000e+00,0.000000000000000000e+00,0.000000000000000000e+00,0.000000000000000000e+00,0.000000000000000000e+00,0.000000000000000000e+00
2.874004419073210581e+00,2.228280815006324023e+00,2.756633984460315823e+00,6.366184605935394814e+00,-4.734694344345820483e+00,-4.601700240016907806e+00
2.756890502110295404e+00,4.294550063108042437e+00,7.440590511045856559e+00,3.453396358482765827e+00,-3.634410875358134785e+00,-3.500110703081729113e+00
5.818906048804924680e+00,6.274595719490053014e+00,9.622069698036799679e+00,6.000223226069532956e+00,-8.796936973769315937e-01,-1.900880183385997402e+00
3.743804532706308752e+00,3.612766390162459818e+00,7.440590511045856559e+00,2.824880429168555640e+00,-3.656818294052588403e+00,-4.788695303322660024e+00
0.000000000000000000e+00,0.000000000000000000e+00,0.000000000000000000e+00,0.000000000000000000e+00,0.000000000000000000e+00,0.000000000000000000e+00
1.284313475783687508e+01,1.296901224779686856e+01,1.296348704008495645e+01,1.527152119999992763e+01,5.114306291200306553e+00,5.104726023001015633e+00
1.292537110416419033e+01,1.527152119999992763e+01,1.526755101338745035e+01,1.295708258288945913e+01,5.114373376807392013e+00,5.109762705740098276e+00
1.274830773498613112e+01,1.292624963412317562e+01,1.296243826367969021e+01,1.527152119999992763e+01,5.115108012887517042e+00,5.114775088557587779e+00
1.406528919087303109e+01,1.409063188216058649e+01,1.643587999999993343e+01,1.410402802934410360e+01,6.267338860837448955e+00,6.269790156947329329e+00
0.000000000000000000e+00,0.000000000000000000e+00,0.000000000000000000e+00,0.000000000000000000e+00,0.000000000000000000e+00,0.000000000000000000e+00
-9.784207499005076469e-02,4.638788949534660144e-01,-3.673282692187753162e-01,4.249497532277272782e+00,-6.138851088038391524e+00,-6.377403545349441316e+00
3.905946110780674996e+00,4.163157902545003175e+00,2.690116803992992356e+00,8.525849001056425180e+00,-3.491216751239288207e+00,-2.961616762797928626e+00
-4.669457067477449930e-01,1.333060471587686813e+00,1.429818532702076261e+00,5.302522759876037384e+00,-6.814472072526278623e+00,-5.553354078794654924e+00
3.571641135838828696e+00,6.366184605935394814e+00,4.880921255058999542e+00,3.277066220725456613e+00,-4.486548843525434371e+00,-4.042559557538125681e+00
0.000000000000000000e+00,0.000000000000000000e+00,0.000000000000000000e+00,0.000000000000000000e+00,0.000000000000000000e+00,0.000000000000000000e+00
-2.839726316184839394e+00,6.366184605935394814e+00,1.006054068619615105e-01,2.029592016594744308e+00,-7.401888396818693927e+00,-5.296305161703267927e+00
5.564299876572885495e+00,9.622069698036799679e+00,8.416409713135319492e+00,5.192560491701158298e+00,-1.102272501016184458e+00,-1.515727771689429515e+00
1.386118050160742854e+00,2.954275685988164479e+00,2.351093219618573649e+00,8.525849001056425180e+00,-3.231625851401778604e+00,-3.108735921252432810e+00
2.957840183061896111e-01,-1.179127460344589373e+00,2.965933551973540250e-01,4.249497532277272782e+00,-7.930801621758880593e+00,-6.323515498427875414e+00
0.000000000000000000e+00,0.000000000000000000e+00,0.000000000000000000e+00,0.000000000000000000e+00,0.000000000000000000e+00,0.000000000000000000e+00
4.137654009999423566e-01,2.252001190318074775e-01,1.583844646810034229e+00,5.302522759876037384e+00,-6.611434561274088573e+00,-6.682350141063955640e+00
8.525849001056425180e+00,5.863378107796274996e+00,5.301910064037062220e+00,5.532271341305198042e+00,-1.924709936643941299e+00,-1.841952670567785777e+00
1.072936333135031006e+01,7.726980814061132463e+00,7.109647871303057975e+00,7.154683793914995427e+00,-1.547262858014863962e-01,1.202862313084146761e-01
8.525849001056425180e+00,6.124503675456178797e+00,5.954076741580474952e+00,5.364533407880568205e+00,-1.745164427823555409e+00,-2.467437178522313257e+00
0.000000000000000000e+00,0.000000000000000000e+00,0.000000000000000000e+00,0.000000000000000000e+00,0.000000000000000000e+00,0.000000000000000000e+00
1.183106390305467315e+01,1.182238380648643528e+01,1.182038284629504687e+01,1.411880598799992015e+01,3.965289738895652061e+00,3.976650301881302862e+00
1.370629282381104552e+01,1.643587999999993343e+01,1.594009608616924822e+01,1.323928641295422182e+01,6.176378208949135029e+00,6.192296511944806348e+00
1.184271621416883491e+01,1.183186993251424290e+01,1.184010495364890048e+01,1.411880598799992015e+01,3.975359314786665266e+00,3.973026841809174314e+00
1.761199999999995214e+01,1.527133835982639987e+01,1.526905253421195141e+01,1.527113525550919704e+01,7.435838660849937831e+00,7.435705728075292065e+00
0.000000000000000000e+00,0.000000000000000000e+00,0.000000000000000000e+00,0.000000000000000000e+00,0.000000000000000000e+00,0.000000000000000000e+00
-3.840353643560709962e+00,-6.236605232633376517e+00,-3.294531662857277166e+00,3.207002556954498651e+00,-9.577630794668921865e+00,-1.072807004121633589e+01
-3.603977817764744795e+00,-3.863810734185301854e+00,-3.507668450323400133e+00,7.440590488614182263e+00,-5.321660602858817590e+00,-7.489541197945915663e+00
-1.900476817272402030e+00,-3.653908734433799488e+00,-2.693793330185348722e+00,4.249497532277272782e+00,-8.833312882447751591e+00,-8.211768393312663505e+00
-2.371597750115983061e+00,7.440590511045856559e+00,-1.008884091412634021e-01,-3.286341228324503483e+00,-7.133183470580417129e+00,-6.273205164565769820e+00
0.000000000000000000e+00,0.000000000000000000e+00,0.000000000000000000e+00,0.000000000000000000e+00,0.000000000000000000e+00,0.000000000000000000e+00
-1.485876445319173289e+00,7.440590511045856559e+00,-1.190571216672246635e+00,-7.882738914064653102e-01,-7.888245168143700248e+00,-8.154436218096531519e+00
-9.450468289798790167e-01,1.072936333135031006e+01,1.181227629982821936e+00,-9.247378544760680441e-01,-2.945644255202013007e+00,-3.492918452874504531e+00
-2.104944709762035071e+00,-2.415132550477822049e-01,2.868559903544931622e-01,7.440590511045856559e+00,-7.621367630509223723e+00,-7.744675490298560838e+00
-3.766259312229987000e+00,-2.678950551580510542e+00,-5.348380431846590177e+00,3.207002556954498651e+00,-8.731652097176592520e+00,-8.219573415218961898e+00
0.000000000000000000e+00,0.000000000000000000e+00,0.000000000000000000e+00,0.000000000000000000e+00,0.000000000000000000e+00,0.000000000000000000e+00
-4.333346785146682478e+00,-4.348607936046898104e+00,-3.230012754921759210e+00,4.249497532277272782e+00,-1.089179413762486526e+01,-9.754129874285451862e+00
-4.009491191821298095e+00,-5.338945327266768182e+00,-3.095459136358088337e+00,7.440590453934428972e+00,-7.947782368004781439e+00,-8.115724958036004466e+00
9.622069662925460065e+00,-1.732118213203287960e+00,1.169859090326206719e+00,-2.524781005418802238e+00,-5.098550688239500417e+00,-5.597599964402531825e+00
-3.599580555894642764e+00,-3.023706125771164377e+00,-1.885345447308843791e+00,7.440590511045856559e+00,-5.795453216667452168e+00,-6.631851797636402424e+00
0.000000000000000000e+00,0.000000000000000000e+00,0.000000000000000000e+00,0.000000000000000000e+00,0.000000000000000000e+00,0.000000000000000000e+00
-2.625675389755003142e+00,-1.211862369990538202e+00,1.651844453762631337e+00,1.297712180784695590e+01,-7.262388198147898599e+00,-6.597641831515026034e+00
-6.428182207746896415e-01,1.761170724978255819e+01,2.937363479057093940e+00,-6.857739949712020611e-01,-1.001718016478470696e+00,-2.404518124255173639e+00
1.047960359337226066e+01,1.043352114480348192e+01,1.130952390256782358e+01,1.297761792811991199e+01,2.327082409219719317e+00,2.632004205393345675e+00
1.643586439428868928e+01,-9.822716561584403649e-01,-2.290600676479429554e-01,2.423490812895450652e+00,-4.926862974474655488e+00,-3.140348625973977015e+00
0.000000000000000000e+00,0.000000000000000000e+00,0.000000000000000000e+00,0.000000000000000000e+00,0.000000000000000000e+00,0.000000000000000000e+00
-5.819609476914405777e-01,6.366184605935375274e+00,-4.289360978348209841e+00,-2.889424564458872524e+00,-6.819725977961711649e+00,-7.018775872087670287e+00
-2.713080544004104144e+00,1.072936333135031006e+01,1.491988435280406033e+00,-1.507815810805351875e+00,-3.986401667499071877e+00,-5.131183537480506374e+00
-2.131465132414970931e+00,7.440590511045856559e+00,-8.192180333114755797e-01,-1.105242611852619738e+00,-9.006442965430366598e+00,-7.811209215495487967e+00
-6.903280181266402415e+00,2.174932531384951240e+00,-5.925289526898227521e+00,-7.041485612785294279e+00,-9.944474953069818213e+00,-1.045074425838502208e+01
0.000000000000000000e+00,0.000000000000000000e+00,0.000000000000000000e+00,0.000000000000000000e+00,0.000000000000000000e+00,0.000000000000000000e+00
-6.660052348790276966e+00,2.174932531384945467e+00,-4.711831511870283151e+00,-5.105039199786236992e+00,-8.689908440919955623e+00,-7.833680710784848067e+00
-4.099800560408987771e+00,5.302522759875996528e+00,-4.716149217494030488e+00,-4.752530888200348080e+00,-6.155144821661140853e+00,-6.802483271503024120e+00
1.297761792811991199e+01,1.062961849037751705e+01,1.133520803978619718e+01,1.098425592884307456e+01,2.386336251911608031e+00,1.896248448588132351e+00
8.525849001056425180e+00,5.880282357652420799e+00,7.352594411012116637e+00,6.787791194332401190e+00,-1.706755307700103197e+00,-1.857841906143919752e+00
0.000000000000000000e+00,0.000000000000000000e+00,0.000000000000000000e+00,0.000000000000000000e+00,0.000000000000000000e+00,0.000000000000000000e+00
9.622069698036799679e+00,7.168452480133429283e+00,8.196503337397420097e+00,8.286922213168734785e+00,-6.829001150023745748e-01,-6.073931798251515080e-01
-4.629422523704800341e+00,4.249497532277201728e+00,-3.044058263758652405e+00,-5.150462303467263858e+00,-8.467615481657171372e+00,-7.814689572866164724e+00
-5.982580141488262448e+00,6.366184605935232277e+00,-6.731298775122160905e-01,-1.227563313886078644e-01,-5.066094592575206335e+00,-9.924281389000368492e+00
-6.755192761380670596e+00,4.249497532277163536e+00,-6.756332674693743989e+00,-5.778902445613693928e+00,-9.195373127730331220e+00,-9.736937203524011153e+00
0.000000000000000000e+00,0.000000000000000000e+00,0.000000000000000000e+00,0.000000000000000000e+00,0.000000000000000000e+00,0.000000000000000000e+00
1.301833093468600566e+01,1.643587999999993343e+01,1.503802496169142344e+01,1.509277427164111707e+01,5.976312843389153251e+00,6.020840659062273836e+00
9.224807090199044879e+00,1.184784174883870378e+01,1.052758144803045326e+01,1.038373442480194342e+01,1.369120619169520214e+00,1.594414346792666359e+00
1.879999999999996874e+01,1.643583260214338537e+01,1.761189545036451065e+01,1.761193405862709227e+01,8.611892445836675236e+00,8.611865535282518636e+00
1.056603237975901166e+01,1.297761792811991199e+01,1.165734276120165802e+01,1.148648102003619265e+01,2.438707309501791709e+00,2.640622298141204638e+00
0.000000000000000000e+00,0.000000000000000000e+00,0.000000000000000000e+00,0.000000000000000000e+00,0.000000000000000000e+00,0.000000000000000000e+00
-4.197578374760286835e+00,5.302522759876029390e+00,-3.407029059659136827e+00,-2.407486106258569514e+00,-9.057474157329330922e+00,-7.144823476962223197e+00
-2.486709327861342800e+00,9.622069698036799679e+00,2.751388947486350656e-01,-5.635040640362953823e-01,-3.954379133625979481e+00,-2.835101469505525440e+00
-5.230542656675487567e-01,6.366184605935394814e+00,-1.120889430516956331e+00,-2.890691258356971716e+00,-7.091801222436712848e+00,-6.281856001125287747e+00
-4.586713854151629022e+00,3.207002556954358319e+00,-4.800291879566954023e+00,-5.754351133838301990e+00,-7.354797848833737994e+00,-7.734013281523532513e+00
0.000000000000000000e+00,0.000000000000000000e+00,0.000000000000000000e+00,0.000000000000000000e+00,0.000000000000000000e+00,0.000000000000000000e+00
-4.774376738455195834e+00,3.207002151030323933e+00,-5.704056515285324203e+00,-5.966007492937574597e+00,-8.465303680437358480e+00,-1.077090919549335446e+01
-1.278995896874687510e+00,6.366184605935362839e+00,-2.620924826468560731e+00,-2.821780910174553902e+00,-6.974608686390860512e+00,-8.162574975730910509e+00
-1.563823033855072930e+00,9.622069698036799679e+00,-6.308831519977438074e-01,3.312378483137892182e+00,-5.904048324627805044e+00,-6.578459401758959046e+00
-2.455571936939379363e+00,5.302522759876037384e+00,-2.805874002063830641e+00,-6.901477670249116514e+00,-8.330427928970232543e+00,-6.974343031163290796e+00
0.000000000000000000e+00,0.000000000000000000e+00,0.000000000000000000e+00,0.000000000000000000e+00,0.000000000000000000e+00,0.000000000000000000e+00
-2.157573231868029406e+00,6.366184605935394814e+00,-1.776725881007326979e+00,-3.691304027396037357e-01,-1.056110891639898242e+01,-6.671648776136611225e+00
-3.206203057675870660e+00,5.302522759876035607e+00,-5.133018114416096012e+00,-1.997342210727734546e+00,-5.988170583833280602e+00,-8.995385586300081115e+00
-3.199307169039244947e+00,7.440590329706148864e+00,-1.796717863562357520e+00,-5.025216700957503058e+00,-7.965302028081340247e+00,-1.056896343197990440e+01
-4.921925857135608595e+00,5.302522759876018732e+00,-5.008535136609554073e+00,-4.228054749968143788e+00,-7.806432148962741735e+00,-8.003880815285100425e+00
0.000000000000000000e+00,0.000000000000000000e+00,0.000000000000000000e+00,0.000000000000000000e+00,0.000000000000000000e+00,0.000000000000000000e+00
-1.417522203486927035e+00,1.527151613285349363e+01,-8.581086575392582461e-03,-4.430116746071754985e-01,-3.931132744643298871e+00,-2.737515042648287267e+00
-1.564871186420732085e+00,1.297003471804197794e+01,-1.583995105474881981e+00,4.994228570314127591e-01,-5.672133758123116820e+00,-4.951207748315471946e+00
-1.312218973650730147e+00,1.527151400508445001e+01,7.583994044887254482e-02,3.873234296859350501e+00,-4.903441489837438105e+00,-3.346538686031813814e+00
-1.559675075010355849e+00,1.411166753398307883e+01,-1.508797401307543362e+00,-1.567744553359899484e+00,-5.592859317705809907e+00,-5.021221984439229402e+00
0.000000000000000000e+00,0.000000000000000000e+00,0.000000000000000000e+00,0.000000000000000000e+00,0.000000000000000000e+00,0.000000000000000000e+00
-4.247235636502635359e+00,4.249497532277272782e+00,-5.229469057613206573e+00,-4.147034312473119044e+00,-6.561209209621416960e+00,-7.453682036523781029e+00
-1.593759589336175342e+00,8.525849001056425180e+00,-7.623384234730735676e-01,-2.528208748729912969e+00,-6.536906444741810596e+00,-5.176243447158475952e+00
-2.957706432769889204e+00,-2.953226635024139402e+00,-3.276745698202710777e+00,5.302522759876020508e+00,-8.542800583975127537e+00,-8.007922702139547155e+00
-2.341502371140627314e+00,4.249497532277272782e+00,-2.506886297056578172e+00,-5.624699623152246808e+00,-9.448083510943494190e+00,-8.102405813375932908e+00
0.000000000000000000e+00,0.000000000000000000e+00,0.000000000000000000e+00,0.000000000000000000e+00,0.000000000000000000e+00,0.000000000000000000e+00
-4.219869842107965674e+00,4.249497532277272782e+00,-2.530137099539113255e+00,-1.612378664485309532e+00,-7.994376675708391389e+00,-6.448743757083375883e+00
-1.398030646092116580e+00,7.440590511045832578e+00,-4.503481758467900775e+00,-1.883360015229587514e+00,-8.291972986146557645e+00,-5.860113110996525876e+00
-7.566867762319032797e-01,8.525849001056425180e+00,-2.664569401662092218e+00,-2.816629319837169909e+00,-7.905430485676308905e+00,-7.923799379983891278e+00
-3.694166907328820582e+00,-2.505496521328568704e+00,-4.363034881038027279e+00,4.249497532277259459e+00,-8.702911062178024793e+00,-9.283236729934589704e+00
0.000000000000000000e+00,0.000000000000000000e+00,0.000000000000000000e+00,0.000000000000000000e+00,0.000000000000000000e+00,0.000000000000000000e+00
-5.786263669954101019e+00,-3.489129309014603830e+00,-6.787133899042968821e+00,5.302522759876022285e+00,-1.176308313359473701e+01,-1.038917796926217285e+01
-4.157530247755106600e+00,6.366184605935391261e+00,-2.982149201833506069e+00,-5.080382270056539973e+00,-8.886556884276442858e+00,-7.695359176895678388e+00
-1.755176946448282038e+00,8.525849001056425180e+00,-5.208543981476285722e-01,-9.811957053856410482e-01,-5.677136201313238928e+00,-6.093367437307303902e+00
-1.825667956157122074e+00,6.366184605935375274e+00,-2.100178336432624082e+00,-3.420628838198417565e+00,-8.785429523982005051e+00,-6.725634346194853563e+00
0.000000000000000000e+00,0.000000000000000000e+00,0.000000000000000000e+00,0.000000000000000000e+00,0.000000000000000000e+00,0.000000000000000000e+00
-1.452985596841073868e+00,-1.465517629847730596e+00,-1.791510943038441273e-01,1.410221589756032756e+01,-5.075343902354727987e+00,-3.847835367647804095e+00
-1.698523022623120271e+00,1.411239656820543864e+01,-1.568909211536792192e+00,-1.610345710631253535e-01,-2.839722435620343433e+00,-3.638494563525102254e+00
-1.425726494665134680e+00,-1.381147461211829519e+00,5.268616450102747706e-01,1.409108675906766628e+01,-2.850879941718253541e+00,-2.194465231194701271e+00
-1.291083881751188489e+00,1.526571537065134798e+01,-1.357398565452124117e+00,-1.335481429344395954e+00,-6.053648136782594058e+00,-5.487978860998701691e+00
0.000000000000000000e+00,0.000000000000000000e+00,0.000000000000000000e+00,0.000000000000000000e+00,0.000000000000000000e+00,0.000000000000000000e+00
-5.604121014526202593e+00,3.207002556954498651e+00,-5.112738748242865228e+00,-2.847313359801739274e+00,-8.887880312731711641e+00,-8.314607114771144225e+00
-1.010098767500433592e-01,7.440590511045856559e+00,2.252846945000839263e+00,-8.765414903752424269e-01,-5.441970448238377500e+00,-6.504745360132112353e+00
-4.029004052883493614e+00,4.249497532277272782e+00,-5.979794596008594532e+00,-3.439580825535326625e+00,-8.236342785010476675e+00,-9.460687631797240371e+00
-5.013724180934550745e+00,5.302522759876037384e+00,-4.779515479949054679e+00,-1.919597936967946117e+00,-1.011609176185913839e+01,-7.112787095630447531e+00
0.000000000000000000e+00,0.000000000000000000e+00,0.000000000000000000e+00,0.000000000000000000e+00,0.000000000000000000e+00,0.000000000000000000e+00
-7.890268067547379083e-01,5.302522759876035607e+00,-2.635200804152790788e+00,-3.773979334502972183e+00,-8.109828743727410583e+00,-8.780931034002882996e+00
-2.590300440074992494e+00,8.525849001056425180e+00,-2.318418274771005372e+00,-1.493880871752832906e+00,-7.350950351537855809e+00,-6.969015809183624732e+00
8.961322352183498374e-01,7.440590511045856559e+00,-1.436012487798062676e+00,-4.410115586766220064e-01,-7.101875673483496243e+00,-5.765443947854095086e+00
-5.678237160865790223e+00,3.207002556954479555e+00,-4.569067096426988606e+00,-6.162628960681113099e+00,-9.938408259214426721e+00,-9.187788056150303362e+00
0.000000000000000000e+00,0.000000000000000000e+00,0.000000000000000000e+00,0.000000000000000000e+00,0.000000000000000000e+00,0.000000000000000000e+00
-4.434095821041855956e+00,4.249497532277272782e+00,-5.414165230344659463e+00,-4.021113159245269131e+00,-9.366421156928517178e+00,-1.009549272866657255e+01
9.622069698036799679e+00,6.791638275965894422e+00,6.695371792384075427e+00,7.679287887634768772e+00,-1.058151712991773685e+00,-8.678263296788054637e-01
1.184784174883870378e+01,9.181624338249308792e+00,9.410208482090187232e+00,1.013853471907870940e+01,1.183592712639366162e+00,9.296343104606010765e-01
9.622069698036799679e+00,6.828217841700230828e+00,7.142106089085394238e+00,8.130065504879802063e+00,-6.337015017209152168e-01,-6.295979624994528789e-01
0.000000000000000000e+00,0.000000000000000000e+00,0.000000000000000000e+00,0.000000000000000000e+00,0.000000000000000000e+00,0.000000000000000000e+00
1.059830098355633154e+01,1.297761792811991199e+01,8.496436563394942354e+00,1.056086495016625015e+01,2.135141593975447893e+00,2.679790972887139411e+00
1.125619724408088729e+01,1.527152119999992763e+01,1.394702039773222246e+01,1.387431745794075511e+01,4.667663260660171787e+00,4.952722212042236727e+00
1.048668346303547949e+01,1.297761792811991199e+01,1.060429797637372928e+01,1.167698544448933617e+01,2.623128034358213068e+00,2.713276446389314867e+00
1.879999999999996874e+01,1.643572176679184693e+01,1.643578099942225634e+01,1.761191048275391324e+01,8.611931352950390917e+00,8.611862777492440557e+00
0.000000000000000000e+00,0.000000000000000000e+00,0.000000000000000000e+00,0.000000000000000000e+00,0.000000000000000000e+00,0.000000000000000000e+00
-5.889634130956088676e+00,-5.580256572269816751e+00,-5.790754963435871261e+00,2.174932262032375885e+00,-8.566303624803827788e+00,-1.111657952314303621e+01
-2.475285772812400253e+00,-2.757390389886606563e+00,-2.199872846507195057e+00,6.366184605935394814e+00,-6.112976385481021957e+00,-6.694293926526948546e+00
-5.739380967344699158e+00,3.207002556954461348e+00,-6.083534111716310200e+00,-5.995922253306209981e+00,-1.052815740114025367e+01,-1.038911550746723478e+01
-3.821199721017594086e+00,6.366184605935390373e+00,-3.778805823679825426e+00,-4.255441766015651162e+00,-9.561231069279585881e+00,-9.492933486047407499e+00
0.000000000000000000e+00,0.000000000000000000e+00,0.000000000000000000e+00,0.000000000000000000e+00,0.000000000000000000e+00,0.000000000000000000e+00
-2.948706593258779929e+00,6.366184605935358398e+00,-3.322903634918100924e+00,-4.473401898702094925e+00,-7.872660486559344584e+00,-6.930527502893958136e+00
-2.408357951427555044e+00,9.622069698033167029e+00,-2.306455202604788646e+00,2.502289200804992397e-01,-4.685164466433720420e+00,-6.389061100651855618e+00
-3.448659932649343673e+00,-3.760547184882057081e+00,-3.039628596902159696e+00,6.366184605935336194e+00,-6.820100631849713935e+00,-6.640351748844963709e+00
-3.902327482345123055e+00,2.174932531384950796e+00,-5.799421586542955254e+00,-5.513471976441209677e+00,-1.026053695292890211e+01,-1.165332022876109086e+01
0.000000000000000000e+00,0.000000000000000000e+00,0.000000000000000000e+00,0.000000000000000000e+00,0.000000000000000000e+00,0.000000000000000000e+00
-6.956351831355361170e+00,3.207002556954420491e+00,-4.121480086922280073e+00,-4.873626370281817444e+00,-8.913749110418923038e+00,-9.807637338535068139e+00
-4.779234993979625479e+00,-3.710813064564931985e+00,-2.490009144949036468e+00,8.525848933151868536e+00,-8.922286372440069613e+00,-8.436037001451550665e+00
4.420829275477307085e-01,-2.223426316730718000e+00,2.089640268603850881e+00,1.072936333135031006e+01,-5.066712831884962576e+00,-6.028212603146797299e+00
-3.122398836565754898e+00,-3.443626232981054969e+00,-1.233696300835927850e+00,8.525848970096625123e+00,-4.810295723138236390e+00,-5.489428542625356400e+00
0.000000000000000000e+00,0.000000000000000000e+00,0.000000000000000000e+00,0.000000000000000000e+00,0.000000000000000000e+00,0.000000000000000000e+00
-2.860887154441200675e+00,-2.842292849090068518e+00,-2.813413498764825160e+00,1.134360304776431683e+01,-6.448585260266053609e+00,-8.002710870993846370e+00
6.820195435279097218e-02,1.638193812216158562e+01,-9.957015700718284679e-01,5.361903203795752582e-01,-4.941215175369656265e+00,-3.586239215678633574e+00
-2.845358671813924545e-01,-1.073354271598219167e+00,-1.195664637733866220e+00,1.184714141338248083e+01,-5.764613339933340797e+00,-7.396630670411760811e+00
1.532391521079672803e+00,2.873069430151561576e+00,2.568514501079780743e+00,1.761199999997488419e+01,-2.459380213005257776e+00,-8.337781165704454267e-01
0.000000000000000000e+00,0.000000000000000000e+00,0.000000000000000000e+00,0.000000000000000000e+00,0.000000000000000000e+00,0.000000000000000000e+00
-5.480730491987364061e+00,5.302521209130553359e+00,-5.509789548924971747e+00,-4.541841769375810856e+00,-8.158343809799337265e+00,-8.927226813969143748e+00
-1.646481772905955987e+00,9.622069563483485410e+00,-1.666557672941878288e+00,-1.694905835501167690e+00,-3.339187104312736132e+00,-4.130984718551020229e+00
-3.250542461629045921e+00,6.366183943501006581e+00,-5.267825560334310708e+00,-4.174675024276676361e+00,-1.143962795385059117e+01,-8.127571205564096957e+00
-8.042185513422211329e+00,1.153182842509146155e+00,-7.390906826833303356e+00,-8.063685759762885041e+00,-9.446857666066005521e+00,-1.074561652382367072e+01
0.000000000000000000e+00,0.000000000000000000e+00,0.000000000000000000e+00,0.000000000000000000e+00,0.000000000000000000e+00,0.000000000000000000e+00
-5.091735979751673469e+00,1.153183134302380397e+00,-7.022447030852480232e+00,-7.049604413652191148e+00,-8.420226111934319135e+00,-1.135418440870293466e+01
-4.929308605811982602e+00,4.249496063345386432e+00,-5.137334266879208577e+00,-4.340067706161489625e+00,-7.742925436282473761e+00,-7.512574185991086395e+00
1.238674136446141638e+01,1.161359202431970417e+01,1.261073176156160969e+01,1.199037595056594441e+01,1.411880598799992015e+01,3.770293014367346984e+00
8.144385751047305888e+00,7.337462915290453580e+00,8.445968835497062344e+00,8.052078502760693368e+00,9.622069698036799679e+00,-9.877959227494598204e-01
0.000000000000000000e+00,0.000000000000000000e+00,0.000000000000000000e+00,0.000000000000000000e+00,0.000000000000000000e+00,0.000000000000000000e+00
9.325789497332173994e+00,8.117159121731855720e+00,9.317195113709528798e+00,9.285714182418651319e+00,1.072936333135031006e+01,2.504384452417666163e-01
-5.628732970660247581e+00,3.207001972393824563e+00,-5.659936042752947927e+00,-6.478913563508975848e+00,-1.043657109342326805e+01,-1.091160467283532931e+01
-5.301940044880244507e+00,5.302521322219414301e+00,-5.354378225749363729e+00,-6.379195775519491463e+00,-7.998106501334389051e+00,-7.586664087866879846e+00
-6.170972887990273215e+00,3.206997026596848599e+00,-7.107334271175040463e+00,-6.207227899046803721e+00,-1.002080034452538548e+01,-8.268738332894205456e+00
0.000000000000000000e+00,0.000000000000000000e+00,0.000000000000000000e+00,0.000000000000000000e+00,0.000000000000000000e+00,0.000000000000000000e+00
1.351175823206196824e+01,1.527152119999992763e+01,1.385894128385147539e+01,1.379845598280752839e+01,4.953842301993698349e+00,1.260826039499300499e+01
9.479755545726126442e+00,1.072936333135031006e+01,9.404730242472702173e+00,9.380269559114674749e+00,-8.365428738246485918e-02,8.408588545659510416e+00
1.879960858350616704e+01,1.761194203773153433e+01,1.879995676779995151e+01,1.879978701219344472e+01,9.799964075943375263e+00,1.999999999999998579e+01
1.013848639106080185e+01,1.184784174883870378e+01,1.024808144889021300e+01,1.013083330655386050e+01,1.654609303739736692e+00,8.949871403338327980e+00
0.000000000000000000e+00,0.000000000000000000e+00,0.000000000000000000e+00,0.000000000000000000e+00,0.000000000000000000e+00,0.000000000000000000e+00
-3.638947587789184368e+00,4.249497110456189830e+00,-5.308470398062865137e+00,-6.146526397722324120e+00,-6.849763583840540626e+00,-7.634433552401884704e+00
-2.702588382967626046e+00,8.525848449941042517e+00,-1.878833852057807174e+00,-3.803047273511200643e+00,-6.398035713549206527e+00,-6.980220595007813777e+00
-6.140630488859007308e+00,5.302522683299740081e+00,-4.345675535854145899e+00,-4.153102645209606258e+00,-9.621140342471674600e+00,-9.590806137877702753e+00
-6.153197470996214058e+00,2.174930057963858854e+00,-5.985004120076221845e+00,-6.103735036012391646e+00,-1.153260227187695719e+01,-1.095802773577442579e+01
0.000000000000000000e+00,0.000000000000000000e+00,0.000000000000000000e+00,0.000000000000000000e+00,0.000000000000000000e+00,0.000000000000000000e+00
-6.778569593128158211e+00,-6.975828678562542962e+00,2.174931873635836510e+00,-6.165300558907272688e+00,-7.559718952914366241e+00,-9.747525969742254048e+00
-3.691911328396589642e+00,5.302521045123357091e+00,-3.989950001247584588e+00,-4.145558875451403225e+00,-7.691690663909879433e+00,-7.801623344874278665e+00
-4.012177712322347212e+00,8.525848958979075576e+00,-2.150775478808252927e+00,-5.326789375224320722e+00,-7.356334024009063555e+00,-7.385719384779791952e+00
-6.152066093922752721e+00,4.249497496682089093e+00,-6.135059202081583507e+00,-5.276222042492768161e+00,-7.768244455043340935e+00,-8.312864697830178784e+00
0.000000000000000000e+00,0.000000000000000000e+00,0.000000000000000000e+00,0.000000000000000000e+00,0.000000000000000000e+00,0.000000000000000000e+00
-6.766699187031524509e+00,5.302519433873012389e+00,-6.776677442437101462e+00,-5.656707034587671323e+00,-8.838174401546151415e+00,-1.002417275218721038e+01
-5.482570108601835024e+00,4.249494769145130135e+00,-3.547195805502969534e+00,-4.595923928249433743e+00,-9.492249151927193651e+00,-9.511553060921514202e+00
-2.654119784563932605e+00,-4.045505761076253926e+00,6.366184367990819659e+00,-4.171037408200700902e+00,-1.128317525263806509e+01,-1.065492912125439418e+01
-4.691963615085157357e+00,4.249496627538159821e+00,-4.532720751324193387e+00,-4.236665502530657434e+00,-7.611105071139255607e+00,-8.232778875558377507e+00
0.000000000000000000e+00,0.000000000000000000e+00,0.000000000000000000e+00,0.000000000000000000e+00,0.000000000000000000e+00,0.000000000000000000e+00
-1.257323535620681776e+00,-1.450041205189066318e+00,-1.321941171593619790e+00,-1.348777407010939955e+00,-5.415877606085238938e+00,-5.969281463850534486e+00
-1.643753284876530385e+00,-2.318952710731287947e-01,-1.568975816242801358e+00,-1.563356769151448500e+00,-4.396330598034158044e+00,-6.469358342043799226e+00
-1.329334441847765946e+00,-1.290734093225611501e+00,-1.391596110478872550e+00,-1.373308386997737607e+00,-5.932717097068840317e+00,-4.292711477639710616e+00
-1.540501685837487589e+00,-1.529119941711809538e+00,-1.535431174616704864e+00,-1.476282655382960440e+00,-6.144446467678345236e+00,-7.377735406046072697e+00
0.000000000000000000e+00,0.000000000000000000e+00,0.000000000000000000e+00,0.000000000000000000e+00,0.000000000000000000e+00,0.000000000000000000e+00
-5.465306887043360540e+00,3.207002210190139202e+00,-4.681308039204052918e+00,-5.312112783390442239e+00,-1.030595821490769737e+01,-8.574847697355277631e+00
-2.100172337481580165e+00,7.440589812170476769e+00,-2.144765526883918749e+00,-4.071608830985462113e+00,-9.108035964473669921e+00,-8.202857572595855018e+00
-4.454902584041821711e+00,4.249495806481547788e+00,-6.302677775611624789e+00,-5.231417660495480959e+00,-8.011720566267442223e+00,-9.442788964337276880e+00
-5.867338660138122997e+00,3.207002404452581334e+00,-6.791119630963054377e+00,-6.728407617752647063e+00,-1.021619487776787238e+01,-9.925364084413867971e+00
0.000000000000000000e+00,0.000000000000000000e+00,0.000000000000000000e+00,0.000000000000000000e+00,0.000000000000000000e+00,0.000000000000000000e+00
-5.644210177874718681e+00,3.207002556954190009e+00,-5.078615466471983808e+00,-3.867337539860005169e+00,-7.601668327376266632e+00,-1.007092585347751346e+01
-3.781997416846947679e+00,6.366181971191973155e+00,-4.734323579475845811e+00,-1.908324061120005410e+00,-8.934666968691731270e+00,-8.676867666507845911e+00
-4.247519832711417642e+00,7.440589567783062463e+00,-5.357966544223969230e+00,-4.122959925975600015e+00,-7.961502352922003034e+00,-9.945452019424651624e+00
-6.376115920318066621e+00,3.206994864145340074e+00,-7.209839182147732117e+00,-5.265793552603438954e+00,-9.271576624169796332e+00,-9.962573717246028693e+00
0.000000000000000000e+00,0.000000000000000000e+00,0.000000000000000000e+00,0.000000000000000000e+00,0.000000000000000000e+00,0.000000000000000000e+00
-5.948579831500865112e+00,4.249492642976318457e+00,-5.049912286049825560e+00,-4.875653821562987211e+00,-1.119104917667237054e+01,-1.035729590685201806e+01
-4.824553172290385383e+00,5.302522199479599685e+00,-4.306525585492249064e+00,-6.360336915080557318e+00,-7.617180384536920812e+00,-8.707841585826511022e+00
-1.869355272287130942e+00,7.440590511045757971e+00,-1.891168720572397710e+00,-8.888653254747285182e-01,-9.270207718267926111e+00,-7.194231708403259873e+00
-5.276112028283781896e+00,5.302519976965268889e+00,-4.292434457604093367e+00,-4.907658174595185940e+00,-9.380350141744603576e+00,-9.355273012233391583e+00
0.000000000000000000e+00,0.000000000000000000e+00,0.000000000000000000e+00,0.000000000000000000e+00,0.000000000000000000e+00,0.000000000000000000e+00
-1.452632240577975020e+00,1.096922336939653242e+00,-1.390936300099900214e+00,-1.403077845032246751e+00,-4.888328708874665196e+00,-4.356227001507206431e+00
-1.602048487273953992e+00,-1.004195255697926115e-01,-1.609640639039877641e+00,-1.643569721793560534e+00,-4.976827620263869711e+00,-4.924116302223725761e+00
-1.435023116748502581e+00,7.006714952847303834e-02,-1.387849258614793468e+00,-1.377148367433479681e+00,-5.476045456658501287e+00,-4.933485654413133581e+00
-1.365814943929836600e+00,-1.413300651029462118e+00,-1.400628947444820138e+00,-1.428029700351495679e+00,-5.474198678653095840e+00,-6.202833011430848309e+00
0.000000000000000000e+00,0.000000000000000000e+00,0.000000000000000000e+00,0.000000000000000000e+00,0.000000000000000000e+00,0.000000000000000000e+00
-6.504059384305971747e+00,2.174932531384307755e+00,-5.988868340186531469e+00,-4.469352534019948919e+00,-9.190695111724789257e+00,-8.147350267632209153e+00
-4.133735165603770412e+00,6.366184527164418405e+00,-4.228274261368308196e+00,-4.108471710281275335e+00,-6.115949090881590777e+00,-7.989673250900773738e+00
-7.263376620937665784e+00,3.207002154010927253e+00,-6.410654331494196612e+00,-5.462873478225484192e+00,-8.544814531323687845e+00,-9.480895860526308283e+00
-4.308524578874332711e+00,4.249495857239063312e+00,-6.042011367491716634e+00,-6.011288342918467364e+00,-1.048071023635712784e+01,-8.650947775522077166e+00
0.000000000000000000e+00,0.000000000000000000e+00,0.000000000000000000e+00,0.000000000000000000e+00,0.000000000000000000e+00,0.000000000000000000e+00
-4.128483262547108623e+00,4.249497139069051244e+00,-5.800516303675474106e+00,-3.435469716382338667e+00,-7.849290900813787886e+00,-1.007453915776087072e+01
-2.756783917459210365e+00,7.440590415931731094e+00,-3.806757861093685413e+00,-2.820588075723643673e+00,-6.921849876444269967e+00,-5.746807379334796906e+00
-5.221691662282394120e+00,6.366184177238534581e+00,-5.763668997671612004e+00,-5.088449194264342168e+00,-7.859296456902554517e+00,-7.290536332850267698e+00
-6.652294378625540183e+00,2.174932026856723155e+00,-8.492125478923318482e+00,-6.627751545644981590e+00,-1.171711935574651697e+01,-1.029801998398405516e+01
0.000000000000000000e+00,0.000000000000000000e+00,0.000000000000000000e+00,0.000000000000000000e+00,0.000000000000000000e+00,0.000000000000000000e+00
-6.987658578604528437e+00,3.207002439308626940e+00,-8.067315401497365812e+00,-8.004566383616642966e+00,-1.046081946828674525e+01,-1.064024307463203733e+01
8.829707290993992430e+00,8.349353668868786826e+00,8.100979941017136809e+00,9.244276668703886202e+00,1.072936333135031006e+01,2.380256283597863287e-01
1.145856683425870060e+01,1.030842661985870379e+01,1.049831904507946767e+01,1.161179299629051620e+01,1.297761792811991199e+01,2.650921768815255319e+00
9.253935514493488057e+00,7.947164367429909504e+00,8.390074009697968904e+00,9.493424351676557293e+00,1.072936333135031006e+01,2.405181409871141041e-01
0.000000000000000000e+00,0.000000000000000000e+00,0.000000000000000000e+00,0.000000000000000000e+00,0.000000000000000000e+00,0.000000000000000000e+00
1.049031246978797682e+01,1.184784174883870378e+01,7.330379960007573636e+00,1.063126726363398689e+01,1.644719383932753631e+00,9.223314629876536941e+00
1.270685974603631330e+01,1.411880598799992015e+01,8.958711858793153127e+00,1.247001454152935196e+01,3.905493051652160208e+00,1.153800206584042520e+01
9.641086365566733818e+00,1.184784174883870378e+01,8.756716787528079138e+00,1.030602896013966330e+01,1.601743175014897824e+00,9.338867303421826804e+00
1.879980946348659643e+01,1.761169735912989154e+01,1.761132225844159294e+01,1.879986212101746901e+01,9.799755536530703637e+00,1.999999999999998579e+01
0.000000000000000000e+00,0.000000000000000000e+00,0.000000000000000000e+00,0.000000000000000000e+00,0.000000000000000000e+00,0.000000000000000000e+00
-7.478741828219013676e+00,-5.861134009394448618e+00,-6.756409689935434670e+00,1.153180183431405492e+00,-8.046734500791840716e+00,-8.983487756935808477e+00
-3.546121852371404870e+00,5.302522624846008448e+00,-3.515956230631128498e+00,-4.260190290697467574e+00,-7.162451444849128990e+00,-5.442626556357811118e+00
-7.306324277990626115e+00,2.174927746148958896e+00,-5.671911735182074032e+00,-7.327180681195511802e+00,-9.300131303967674512e+00,-1.126404174829007587e+01
-4.077429877725944785e+00,5.302522526219756394e+00,-4.165898038662493974e+00,-5.953402210359482361e+00,-7.577091911243576838e+00,-8.421875147872867728e+00
0.000000000000000000e+00,0.000000000000000000e+00,0.000000000000000000e+00,0.000000000000000000e+00,0.000000000000000000e+00,0.000000000000000000e+00
-4.698677921530495460e+00,5.302522508146639169e+00,-3.843983201445929865e+00,-4.796038132054238901e+00,-7.954919340931413174e+00,-6.774019195903999702e+00
-3.814136849951896835e+00,8.525823416017406231e+00,-2.669769898822541343e+00,-3.818193953158544041e+00,-5.295722118226941610e+00,-6.145351721786171950e+00
-6.356461510683500293e+00,5.302520202584399378e+00,-6.349745708973512315e+00,-5.172418360667101922e+00,-7.852741515622957635e+00,-9.226438065954608803e+00
-6.182536176327337429e+00,1.153182657148001056e+00,-7.702356147798279373e+00,-8.539230180616945276e+00,-1.109189643594637431e+01,-1.035795363271550151e+01
0.000000000000000000e+00,0.000000000000000000e+00,0.000000000000000000e+00,0.000000000000000000e+00,0.000000000000000000e+00,0.000000000000000000e+00
-7.264504747113678995e+00,2.174929896965001941e+00,-8.085030017862113283e+00,-7.072934479174113775e+00,-1.120216542382721947e+01,-1.132130853732484610e+01
1.729648279249484943e-04,-4.485012009518101195e+00,-3.152720238871949299e+00,9.622069684741944684e+00,-7.524946579053938045e+00,-9.207106761736985945e+00
-3.614764854679923811e-01,1.311375271767317940e+00,-1.716079014784497314e+00,1.184784173474467828e+01,-3.828953606931937870e+00,-2.960426882324877607e+00
-1.701910166883324527e+00,-4.101862308421876158e+00,-4.064276956600693325e+00,9.622069697102800134e+00,-8.664613273831287543e+00,-8.549994844593294729e+00
0.000000000000000000e+00,0.000000000000000000e+00,0.000000000000000000e+00,0.000000000000000000e+00,0.000000000000000000e+00,0.000000000000000000e+00
-1.951386429928784194e+00,-3.143947879216640207e+00,-2.568422202671438725e+00,1.020236495233071494e+01,-7.459537091332103742e+00,-9.012193173587412787e+00
-1.390467268775763321e+00,1.362749357901440384e+01,-1.425294654776551040e+00,-1.452193722761595973e+00,-4.480595925056953810e+00,-7.432279923663992705e+00
-1.524030343226298045e+00,-1.421704228903114320e+00,-2.739499336358417914e+00,1.059912772359584565e+01,-4.268244834880184690e+00,-7.911891771022835584e+00
2.965145987292050478e+00,2.747522792379363477e+00,-3.241118800000000189e-01,1.879994939393555597e+01,-2.745739000000000374e+00,-2.115688857869419071e+00
